yr,age,reproduction,mass_jun,mass_sept,sex_lamb,mass_gain,density,temp,precipitation
91,9,1,61.39,76.35,0,14.96,97,11.77,316.6
91,4,0,52.03,65.97,0,13.94,97,11.77,316.6
90,5,0,47.73,62.79,0,15.06,83,11.9,345.2
91,5,1,49.64,63.12,0,13.48,97,11.77,316.6
91,11,0,61.15,73.14,0,11.99,97,11.77,316.6
108,4,0,51.55,68.83,0,17.28,22,NA,NA
90,5,0,42.13,57.19,0,15.06,83,11.9,345.2
100,13,1,48.94,66.44,0,17.50,37,11.6,242.2
92,10,1,60.45,73.89,0,13.44,103,11.23,183.7
91,2,1,36.07,51.18,0,15.11,97,11.77,316.6
75,2,0,39.94,56.51,0,16.57,33,11.2,138.4
93,5,0,51.69,64.17,0,12.48,97,10.65,219.1
91,7,0,55.79,70.54,0,14.75,97,11.77,316.6
100,12,1,49.72,71.04,0,21.33,37,11.6,242.2
91,7,1,55.84,74.14,0,18.30,97,11.77,316.6
88,4,1,56.81,63.06,0,6.25,65,11.93,245.7
97,9,1,57.21,72.47,0,15.26,75,12.07,230.6
91,13,0,60.20,77.26,0,17.05,97,11.77,316.6
90,8,0,57.14,72.20,0,15.06,83,11.9,345.2
89,9,1,52.76,66.11,0,13.34,72,12.05,260.1
106,8,1,57.64,69.86,0,12.22,17,NA,NA
94,7,1,62.98,76.63,0,13.64,90,11.67,264.7
90,6,1,55.21,70.27,0,15.06,83,11.9,345.2
89,12,0,54.71,70.73,0,16.02,72,12.05,260.1
89,7,0,52.38,69.57,0,17.18,72,12.05,260.1
89,14,1,66.58,85.40,0,18.83,72,12.05,260.1
88,6,0,58.85,68.15,0,9.30,65,11.93,245.7
90,7,1,49.98,65.05,0,15.06,83,11.9,345.2
90,11,0,56.33,71.39,0,15.06,83,11.9,345.2
95,11,1,59.12,76.39,0,17.27,79,10.77,463.1
89,9,1,57.84,72.44,0,14.60,72,12.05,260.1
89,6,1,51.72,68.11,0,16.39,72,12.05,260.1
90,6,0,54.29,69.35,0,15.06,83,11.9,345.2
90,10,0,54.46,69.52,0,15.06,83,11.9,345.2
90,12,0,59.72,74.78,0,15.06,83,11.9,345.2
90,9,1,47.84,62.91,0,15.06,83,11.9,345.2
93,5,0,55.57,66.62,0,11.05,97,10.65,219.1
92,6,1,62.34,75.36,0,13.02,103,11.23,183.7
99,10,0,61.90,71.58,0,9.68,45,11.03,349.7
93,5,1,54.33,66.52,0,12.19,97,10.65,219.1
93,5,0,56.33,67.55,0,11.22,97,10.65,219.1
86,8,1,56.70,78.06,0,21.37,58,12.1,410.4
92,8,0,60.13,73.22,0,13.09,103,11.23,183.7
91,10,NA,63.29,75.15,0,11.86,97,11.77,316.6
88,10,1,57.36,68.86,0,11.50,65,11.93,245.7
83,5,1,58.80,73.39,0,14.59,38,10.75,238.9
93,5,0,53.16,65.33,0,12.17,97,10.65,219.1
95,13,1,58.70,77.07,0,18.37,79,10.77,463.1
93,10,0,63.01,73.45,0,10.44,97,10.65,219.1
88,7,1,59.23,69.93,0,10.71,65,11.93,245.7
93,9,0,62.52,74.05,0,11.53,97,10.65,219.1
93,4,0,54.32,64.07,0,9.75,97,10.65,219.1
93,7,0,59.64,70.84,0,11.20,97,10.65,219.1
93,8,0,57.31,69.47,0,12.16,97,10.65,219.1
91,10,1,69.18,78.87,0,9.68,97,11.77,316.6
89,9,1,45.32,61.37,0,16.04,72,12.05,260.1
85,10,1,69.37,84.83,0,15.46,51,11.07,322.9
91,13,1,50.30,64.31,0,14.01,97,11.77,316.6
91,16,1,65.18,74.69,0,9.51,97,11.77,316.6
91,8,0,59.38,77.74,0,18.36,97,11.77,316.6
91,5,0,60.59,75.56,0,14.97,97,11.77,316.6
91,14,0,65.11,70.24,0,5.13,97,11.77,316.6
91,3,1,40.72,59.15,0,18.42,97,11.77,316.6
89,11,1,56.90,74.15,0,17.25,72,12.05,260.1
78,3,1,55.65,71.51,0,15.87,33,12.07,308.8
92,10,0,65.68,78.10,0,12.41,103,11.23,183.7
92,5,1,58.00,70.41,0,12.41,103,11.23,183.7
91,5,1,48.55,64.72,0,16.17,97,11.77,316.6
92,8,0,60.06,72.61,0,12.55,103,11.23,183.7
97,6,0,57.89,71.30,0,13.41,75,12.07,230.6
92,8,0,57.97,71.23,0,13.26,103,11.23,183.7
92,14,1,53.62,68.04,0,14.42,103,11.23,183.7
105,6,0,55.32,72.01,0,16.69,19,10.8,419.2
86,4,1,63.66,72.79,0,9.13,58,12.1,410.4
86,5,1,62.79,72.43,0,9.65,58,12.1,410.4
86,13,0,59.55,73.80,0,14.24,58,12.1,410.4
86,6,1,55.55,67.30,0,11.75,58,12.1,410.4
85,7,1,65.68,73.39,0,7.71,51,11.07,322.9
82,2,1,40.78,57.71,0,16.94,36,11.07,413
85,6,1,56.66,68.41,0,11.76,51,11.07,322.9
85,5,1,51.32,67.56,0,16.25,51,11.07,322.9
87,7,1,60.24,73.20,0,12.96,61,11.67,283.9
107,3,1,51.81,64.11,0,12.30,16,NA,NA
92,6,0,58.62,68.87,0,10.26,103,11.23,183.7
87,9,1,61.30,74.26,0,12.96,61,11.67,283.9
87,3,1,51.42,64.38,0,12.96,61,11.67,283.9
89,8,0,57.14,74.11,0,16.97,72,12.05,260.1
86,4,1,49.52,64.46,0,14.93,58,12.1,410.4
86,8,1,52.16,66.11,0,13.95,58,12.1,410.4
96,12,1,60.11,80.92,0,20.81,73,11.67,116.2
78,3,0,48.60,63.10,0,14.50,33,12.07,308.8
84,5,1,47.49,69.46,0,21.96,47,11.33,206.2
84,4,1,45.68,67.40,0,21.73,47,11.33,206.2
84,9,1,64.26,89.05,0,24.79,47,11.33,206.2
84,6,0,48.60,70.67,0,22.07,47,11.33,206.2
84,3,1,44.12,65.54,0,21.43,47,11.33,206.2
84,4,0,49.38,71.62,0,22.25,47,11.33,206.2
106,5,1,64.55,80.34,0,15.79,17,NA,NA
95,4,0,44.33,61.37,0,17.04,79,10.77,463.1
85,6,0,55.29,73.26,0,17.96,51,11.07,322.9
85,5,1,48.95,61.66,0,12.71,51,11.07,322.9
76,8,1,52.77,66.52,0,13.75,30,11.33,239.7
91,3,1,45.98,59.83,0,13.85,97,11.77,316.6
85,2,1,45.63,63.33,0,17.71,51,11.07,322.9
96,6,0,50.26,71.25,0,20.99,73,11.67,116.2
96,6,0,51.49,65.73,0,14.24,73,11.67,116.2
85,6,1,62.45,75.12,0,12.67,51,11.07,322.9
85,7,1,61.30,74.80,0,13.50,51,11.07,322.9
89,10,1,55.43,73.57,0,18.13,72,12.05,260.1
101,13,1,53.96,66.92,0,12.96,32,12.17,165.7
89,3,1,48.25,65.29,0,17.04,72,12.05,260.1
89,11,1,61.64,79.51,0,17.87,72,12.05,260.1
89,8,1,51.00,66.72,0,15.73,72,12.05,260.1
75,3,1,47.67,64.24,0,16.57,33,11.2,138.4
89,5,1,42.54,62.47,0,19.92,72,12.05,260.1
89,4,1,40.12,56.48,0,16.36,72,12.05,260.1
89,9,1,52.62,67.95,0,15.34,72,12.05,260.1
89,4,1,40.72,55.75,0,15.03,72,12.05,260.1
89,7,1,44.56,61.25,0,16.69,72,12.05,260.1
93,5,0,49.91,63.11,0,13.19,97,10.65,219.1
88,6,1,67.34,74.42,0,7.08,65,11.93,245.7
89,10,1,55.14,72.20,0,17.06,72,12.05,260.1
94,9,1,51.56,66.32,0,14.76,90,11.67,264.7
89,5,1,53.42,69.21,0,15.80,72,12.05,260.1
89,3,0,40.94,56.10,0,15.17,72,12.05,260.1
89,11,0,52.04,65.40,0,13.36,72,12.05,260.1
89,10,1,53.13,69.71,0,16.58,72,12.05,260.1
93,8,0,54.24,66.01,0,11.77,97,10.65,219.1
88,3,1,45.44,54.60,0,9.16,65,11.93,245.7
88,6,1,63.25,69.98,0,6.73,65,11.93,245.7
88,6,1,63.03,75.06,0,12.03,65,11.93,245.7
92,10,0,66.59,78.52,0,11.93,103,11.23,183.7
87,7,1,56.52,69.48,0,12.96,61,11.67,283.9
89,7,0,60.42,76.57,0,16.16,72,12.05,260.1
88,6,1,65.07,77.44,0,12.37,65,11.93,245.7
89,8,1,58.46,76.08,0,17.62,72,12.05,260.1
88,10,1,65.66,76.27,0,10.61,65,11.93,245.7
88,3,1,51.64,61.19,0,9.55,65,11.93,245.7
92,10,1,61.17,71.83,0,10.66,103,11.23,183.7
89,5,0,50.48,67.55,0,17.06,72,12.05,260.1
88,4,1,59.48,72.99,0,13.50,65,11.93,245.7
88,6,1,66.01,76.96,0,10.94,65,11.93,245.7
88,8,1,62.68,70.98,0,8.30,65,11.93,245.7
78,2,0,40.36,53.26,0,12.91,33,12.07,308.8
101,6,1,56.77,69.77,0,13.00,32,12.17,165.7
101,10,0,52.86,66.44,0,13.58,32,12.17,165.7
101,13,0,54.52,68.70,0,14.18,32,12.17,165.7
79,4,1,60.83,73.09,0,12.27,34,12.27,145.1
107,4,1,52.94,65.46,0,12.52,16,NA,NA
90,9,1,57.83,72.89,0,15.06,83,11.9,345.2
76,5,1,56.12,69.85,0,13.74,30,11.33,239.7
100,5,1,57.16,76.68,0,19.52,37,11.6,242.2
96,5,0,54.12,76.57,0,22.45,73,11.67,116.2
105,10,1,63.65,82.67,0,19.02,19,10.8,419.2
102,7,1,51.89,68.52,0,16.63,21,12.23,185.8
78,2,1,43.43,56.93,0,13.50,33,12.07,308.8
103,8,0,62.05,77.28,0,15.23,20,13.03,159.6
98,12,1,58.77,74.31,0,15.54,54,13.2,327.3
78,4,0,53.02,68.38,0,15.36,33,12.07,308.8
101,6,0,57.62,71.02,0,13.40,32,12.17,165.7
88,8,1,62.48,69.21,0,6.72,65,11.93,245.7
101,4,1,50.08,63.36,0,13.28,32,12.17,165.7
94,5,1,56.24,70.73,0,14.48,90,11.67,264.7
95,6,0,51.11,66.71,0,15.60,79,10.77,463.1
98,10,0,62.25,74.98,0,12.74,54,13.2,327.3
98,10,1,63.80,76.75,0,12.95,54,13.2,327.3
98,9,1,53.73,68.23,0,14.51,54,13.2,327.3
89,7,1,54.61,70.22,0,15.61,72,12.05,260.1
97,9,1,56.36,69.89,0,13.53,75,12.07,230.6
95,4,0,45.74,58.76,0,13.02,79,10.77,463.1
86,7,1,60.19,74.19,0,14.00,58,12.1,410.4
88,3,1,55.58,64.89,0,9.30,65,11.93,245.7
92,10,0,62.02,75.93,0,13.90,103,11.23,183.7
99,8,1,58.94,73.12,0,14.19,45,11.03,349.7
99,4,1,52.52,65.42,0,12.90,45,11.03,349.7
99,10,0,52.91,68.93,0,16.02,45,11.03,349.7
99,11,0,59.44,70.44,0,11.00,45,11.03,349.7
93,12,0,55.85,67.32,0,11.47,97,10.65,219.1
92,14,0,62.86,76.16,0,13.29,103,11.23,183.7
98,10,0,56.34,70.30,0,13.96,54,13.2,327.3
79,3,1,50.89,66.25,0,15.36,34,12.27,145.1
107,4,1,58.48,72.10,0,13.62,16,NA,NA
107,6,1,60.11,74.05,0,13.95,16,NA,NA
88,10,1,68.31,80.69,0,12.38,65,11.93,245.7
107,3,0,53.88,66.59,0,12.71,16,NA,NA
79,7,1,53.57,69.56,0,15.99,34,12.27,145.1
107,12,0,58.92,72.63,0,13.71,16,NA,NA
88,7,1,62.27,67.76,0,5.49,65,11.93,245.7
81,3,1,48.46,66.56,0,18.10,31,12.1,442.8
108,4,0,51.12,75.16,0,24.03,22,NA,NA
108,7,1,57.16,82.32,0,25.16,22,NA,NA
108,7,1,55.77,84.40,0,28.63,22,NA,NA
76,7,0,55.60,69.33,0,13.73,30,11.33,239.7
95,11,0,54.21,71.21,0,16.99,79,10.77,463.1
96,4,1,49.87,71.08,0,21.21,73,11.67,116.2
108,13,1,54.73,75.04,0,20.31,22,NA,NA
89,11,1,48.35,65.07,0,16.72,72,12.05,260.1
108,10,1,51.67,73.22,0,21.55,22,NA,NA
104,5,1,52.44,71.70,0,19.26,18,12.63,363.9
104,9,0,62.28,83.03,0,20.75,18,12.63,363.9
104,9,0,54.39,69.61,0,15.23,18,12.63,363.9
96,8,0,58.27,77.05,0,18.78,73,11.67,116.2
104,9,1,58.11,76.66,0,18.54,18,12.63,363.9
103,6,0,48.12,65.35,0,17.23,20,13.03,159.6
103,7,1,57.03,72.98,0,15.95,20,13.03,159.6
84,5,1,53.76,76.89,0,23.14,47,11.33,206.2
103,4,1,56.52,72.54,0,16.02,20,13.03,159.6
82,4,0,50.02,66.95,0,16.94,36,11.07,413
91,4,1,42.38,59.75,0,17.37,97,11.77,316.6
77,6,1,57.30,76.62,0,19.32,30,10.97,278
106,5,1,61.90,76.59,0,14.69,17,NA,NA
96,10,1,48.75,72.18,0,23.43,73,11.67,116.2
105,8,0,51.77,67.79,0,16.02,19,10.8,419.2
91,5,1,49.03,65.22,0,16.19,97,11.77,316.6
96,12,0,54.39,76.87,0,22.48,73,11.67,116.2
105,7,0,55.44,72.23,0,16.79,19,10.8,419.2
83,3,1,50.66,63.58,0,12.92,38,10.75,238.9
95,6,1,54.24,69.53,0,15.29,79,10.77,463.1
95,13,0,53.09,68.70,0,15.61,79,10.77,463.1
95,10,1,58.69,74.16,0,15.47,79,10.77,463.1
90,8,0,51.50,66.57,0,15.06,83,11.9,345.2
91,3,0,41.88,59.52,0,17.64,97,11.77,316.6
94,5,1,53.84,68.51,0,14.68,90,11.67,264.7
107,5,1,54.11,66.86,0,12.75,16,NA,NA
95,7,0,59.98,75.10,0,15.12,79,10.77,463.1
83,5,1,51.39,66.06,0,14.67,38,10.75,238.9
95,6,1,57.46,71.41,0,13.95,79,10.77,463.1
86,4,1,53.25,69.30,0,16.04,58,12.1,410.4
95,6,1,52.09,68.00,0,15.90,79,10.77,463.1
95,11,1,58.84,71.87,0,13.04,79,10.77,463.1
78,5,1,51.41,66.45,0,15.05,33,12.07,308.8
98,10,0,55.66,70.19,0,14.54,54,13.2,327.3
95,9,1,52.71,67.18,0,14.46,79,10.77,463.1
95,5,0,52.00,71.19,0,19.19,79,10.77,463.1
93,11,0,59.08,69.72,0,10.64,97,10.65,219.1
93,6,0,56.83,68.35,0,11.52,97,10.65,219.1
93,7,0,53.75,66.12,0,12.37,97,10.65,219.1
87,3,1,52.63,65.59,0,12.96,61,11.67,283.9
93,5,0,59.98,72.53,0,12.55,97,10.65,219.1
93,11,0,67.40,77.74,0,10.35,97,10.65,219.1
93,4,1,51.41,63.98,0,12.57,97,10.65,219.1
93,4,0,51.57,64.46,0,12.88,97,10.65,219.1
106,11,1,62.95,78.15,0,15.20,17,NA,NA
94,6,1,56.18,70.77,0,14.58,90,11.67,264.7
104,4,0,47.69,65.10,0,17.40,18,12.63,363.9
83,12,1,65.77,70.27,0,4.51,38,10.75,238.9
96,7,0,59.35,79.93,0,20.58,73,11.67,116.2
90,8,1,61.87,76.93,0,15.06,83,11.9,345.2
82,4,1,46.23,63.17,0,16.94,36,11.07,413
87,8,1,63.85,76.81,0,12.96,61,11.67,283.9
97,11,0,53.66,69.54,0,15.88,75,12.07,230.6
95,11,0,61.99,80.60,0,18.61,79,10.77,463.1
100,10,1,49.11,64.22,0,15.10,37,11.6,242.2
93,4,0,53.29,65.74,0,12.46,97,10.65,219.1
96,9,0,60.78,82.12,0,21.34,73,11.67,116.2
90,6,1,53.82,68.89,0,15.06,83,11.9,345.2
96,5,0,60.04,75.74,0,15.71,73,11.67,116.2
96,7,0,47.52,70.16,0,22.65,73,11.67,116.2
96,10,0,57.22,77.52,0,20.30,73,11.67,116.2
92,11,0,62.78,75.47,0,12.69,103,11.23,183.7
88,7,1,63.59,67.18,0,3.59,65,11.93,245.7
90,6,1,53.12,68.18,0,15.06,83,11.9,345.2
93,6,1,60.26,71.91,0,11.64,97,10.65,219.1
97,9,1,57.96,72.92,0,14.96,75,12.07,230.6
92,4,0,51.64,65.73,0,14.09,103,11.23,183.7
97,9,0,56.13,70.51,0,14.37,75,12.07,230.6
96,6,0,40.78,60.69,0,19.91,73,11.67,116.2
96,8,0,50.90,72.15,0,21.25,73,11.67,116.2
97,13,0,58.12,72.05,0,13.93,75,12.07,230.6
96,7,0,52.41,71.41,0,19.00,73,11.67,116.2
95,6,1,57.93,74.70,0,16.77,79,10.77,463.1
95,6,1,54.53,70.57,0,16.05,79,10.77,463.1
89,8,1,58.79,76.04,0,17.24,72,12.05,260.1
83,3,1,45.00,55.91,0,10.91,38,10.75,238.9
95,9,1,55.46,70.51,0,15.05,79,10.77,463.1
95,6,0,55.50,68.97,0,13.48,79,10.77,463.1
95,7,1,51.47,66.39,0,14.92,79,10.77,463.1
95,7,0,49.75,65.33,0,15.58,79,10.77,463.1
95,6,1,50.75,66.72,0,15.98,79,10.77,463.1
77,13,1,55.61,73.26,0,17.65,30,10.97,278
89,3,1,44.64,63.10,0,18.46,72,12.05,260.1
96,9,1,55.35,74.97,0,19.62,73,11.67,116.2
96,5,0,50.66,72.90,0,22.24,73,11.67,116.2
105,4,0,59.75,77.53,0,17.78,19,10.8,419.2
95,9,1,63.22,81.12,0,17.90,79,10.77,463.1
95,5,1,43.54,59.28,0,15.74,79,10.77,463.1
96,6,0,47.73,68.11,0,20.38,73,11.67,116.2
95,7,1,61.30,77.63,0,16.32,79,10.77,463.1
93,5,0,52.98,64.55,0,11.57,97,10.65,219.1
79,3,1,45.67,59.40,0,13.72,34,12.27,145.1
81,4,0,50.26,68.17,0,17.91,31,12.1,442.8
80,3,1,58.82,72.87,0,14.05,33,10.85,168.9
80,2,1,42.19,57.07,0,14.87,33,10.85,168.9
83,3,1,47.62,63.13,0,15.51,38,10.75,238.9
82,3,1,44.57,61.51,0,16.94,36,11.07,413
78,2,1,42.99,56.40,0,13.41,33,12.07,308.8
77,7,1,55.61,72.71,0,17.10,30,10.97,278
83,6,0,57.99,71.13,0,13.14,38,10.75,238.9
81,3,1,52.98,66.86,0,13.88,31,12.1,442.8
86,13,0,60.98,72.14,0,11.16,58,12.1,410.4
80,2,1,42.33,58.67,0,16.34,33,10.85,168.9
100,5,0,50.90,69.44,0,18.55,37,11.6,242.2
78,3,1,48.59,63.09,0,14.50,33,12.07,308.8
93,7,0,55.02,68.22,0,13.20,97,10.65,219.1
98,8,0,56.55,71.04,0,14.49,54,13.2,327.3
99,4,1,55.21,65.40,0,10.19,45,11.03,349.7
84,4,1,48.84,71.20,0,22.36,47,11.33,206.2
75,8,1,55.91,72.48,0,16.57,33,11.2,138.4
84,6,1,51.34,73.68,0,22.34,47,11.33,206.2
79,3,1,46.64,64.26,0,17.62,34,12.27,145.1
81,4,1,54.39,70.83,0,16.44,31,12.1,442.8
79,11,1,60.75,73.55,0,12.81,34,12.27,145.1
80,4,1,39.73,53.69,0,13.96,33,10.85,168.9
79,8,1,51.84,68.33,0,16.49,34,12.27,145.1
78,10,1,56.27,72.25,0,15.99,33,12.07,308.8
81,10,1,58.78,74.37,0,15.59,31,12.1,442.8
75,7,0,53.12,69.69,0,16.57,33,11.2,138.4
93,9,1,59.63,71.23,0,11.60,97,10.65,219.1
79,3,1,39.45,54.49,0,15.05,34,12.27,145.1
77,2,0,43.54,61.85,0,18.30,30,10.97,278
107,10,0,51.22,63.39,0,12.18,16,NA,NA
82,4,1,54.36,71.29,0,16.94,36,11.07,413
91,9,1,58.26,73.41,0,15.15,97,11.77,316.6
88,3,1,48.75,57.79,0,9.04,65,11.93,245.7
90,15,0,65.63,80.70,0,15.06,83,11.9,345.2
76,5,1,54.11,67.84,0,13.73,30,11.33,239.7
76,5,1,46.54,60.24,0,13.70,30,11.33,239.7
78,14,1,54.89,70.60,0,15.72,33,12.07,308.8
82,4,0,44.24,61.17,0,16.94,36,11.07,413
76,4,1,53.29,67.02,0,13.73,30,11.33,239.7
82,3,1,42.07,59.00,0,16.94,36,11.07,413
79,5,1,54.58,72.61,0,18.02,34,12.27,145.1
82,5,1,49.61,66.55,0,16.94,36,11.07,413
89,7,0,54.66,71.91,0,17.26,72,12.05,260.1
93,5,0,54.39,66.60,0,12.21,97,10.65,219.1
82,4,1,45.01,61.95,0,16.94,36,11.07,413
82,4,0,49.81,66.74,0,16.94,36,11.07,413
82,3,1,47.51,64.45,0,16.94,36,11.07,413
76,3,1,50.40,64.18,0,13.78,30,11.33,239.7
82,7,1,55.69,72.63,0,16.94,36,11.07,413
76,5,1,55.52,69.26,0,13.74,30,11.33,239.7
82,9,1,55.56,72.50,0,16.94,36,11.07,413
76,3,1,44.24,57.89,0,13.65,30,11.33,239.7
94,12,0,60.36,72.40,0,12.04,90,11.67,264.7
82,3,1,45.91,62.84,0,16.94,36,11.07,413
88,13,1,74.25,82.04,0,7.80,65,11.93,245.7
90,8,1,43.53,58.59,0,15.06,83,11.9,345.2
78,4,1,46.91,61.09,0,14.17,33,12.07,308.8
101,6,0,54.21,68.35,0,14.14,32,12.17,165.7
82,4,1,52.52,69.46,0,16.94,36,11.07,413
82,9,1,56.38,73.32,0,16.94,36,11.07,413
95,3,0,48.28,65.10,0,16.82,79,10.77,463.1
75,8,1,55.97,72.54,0,16.57,33,11.2,138.4
75,8,1,57.38,73.95,0,16.57,33,11.2,138.4
93,4,0,51.58,64.02,0,12.45,97,10.65,219.1
84,3,0,46.07,67.70,0,21.63,47,11.33,206.2
80,6,1,59.91,75.96,0,16.05,33,10.85,168.9
76,6,1,54.92,68.67,0,13.74,30,11.33,239.7
89,5,1,56.18,71.95,0,15.77,72,12.05,260.1
90,5,1,52.33,67.39,0,15.06,83,11.9,345.2
107,8,1,56.05,69.18,0,13.13,16,NA,NA
76,3,0,53.21,66.89,0,13.68,30,11.33,239.7
87,6,1,60.13,73.09,0,12.96,61,11.67,283.9
80,2,1,47.07,63.88,0,16.81,33,10.85,168.9
91,5,0,58.52,73.32,0,14.80,97,11.77,316.6
80,3,1,40.54,58.97,0,18.42,33,10.85,168.9
77,2,0,47.15,62.45,0,15.29,30,10.97,278
80,4,1,47.48,64.17,0,16.70,33,10.85,168.9
85,5,1,56.30,69.90,0,13.60,51,11.07,322.9
93,5,0,49.63,61.08,1,11.45,97,10.65,219.1
91,6,1,52.39,69.19,1,16.80,97,11.77,316.6
80,3,1,51.95,65.73,1,13.79,33,10.85,168.9
96,6,0,57.71,71.90,1,14.20,73,11.67,116.2
89,5,1,52.47,71.08,1,18.61,72,12.05,260.1
95,5,0,49.78,69.19,1,19.41,79,10.77,463.1
97,12,0,54.81,70.72,1,15.91,75,12.07,230.6
100,6,1,43.35,59.90,1,16.55,37,11.6,242.2
83,4,1,47.68,64.67,1,16.99,38,10.75,238.9
90,7,0,57.78,72.85,1,15.06,83,11.9,345.2
96,11,1,55.43,74.19,1,18.76,73,11.67,116.2
94,13,0,62.08,76.26,1,14.18,90,11.67,264.7
89,3,1,46.32,62.87,1,16.54,72,12.05,260.1
82,2,1,41.26,58.20,1,16.94,36,11.07,413
76,7,1,55.86,69.58,1,13.72,30,11.33,239.7
97,6,0,57.28,73.02,1,15.74,75,12.07,230.6
93,7,1,49.52,62.10,1,12.57,97,10.65,219.1
95,7,0,54.55,68.82,1,14.27,79,10.77,463.1
93,11,0,64.51,74.67,1,10.16,97,10.65,219.1
99,9,0,52.49,64.57,1,12.08,45,11.03,349.7
103,5,1,50.96,67.78,1,16.82,20,13.03,159.6
107,9,0,53.50,66.13,1,12.63,16,NA,NA
99,12,0,50.24,61.33,1,11.09,45,11.03,349.7
98,11,0,50.68,65.16,1,14.48,54,13.2,327.3
99,11,1,50.70,63.96,1,13.26,45,11.03,349.7
93,5,1,61.21,72.14,1,10.94,97,10.65,219.1
99,11,1,52.63,67.30,1,14.67,45,11.03,349.7
108,8,1,62.69,83.14,1,20.44,22,NA,NA
91,3,0,48.72,61.32,1,12.60,97,11.77,316.6
80,5,1,54.90,68.59,1,13.69,33,10.85,168.9
91,4,1,49.83,66.94,1,17.12,97,11.77,316.6
97,9,0,54.55,68.94,1,14.40,75,12.07,230.6
97,8,1,58.69,73.04,1,14.35,75,12.07,230.6
89,6,1,56.29,74.35,1,18.06,72,12.05,260.1
90,3,1,45.64,60.70,1,15.06,83,11.9,345.2
86,7,0,59.76,72.88,1,13.12,58,12.1,410.4
89,4,1,43.81,60.08,1,16.27,72,12.05,260.1
93,4,0,48.77,61.32,1,12.55,97,10.65,219.1
76,4,1,51.39,65.12,1,13.72,30,11.33,239.7
94,10,1,57.11,71.57,1,14.45,90,11.67,264.7
89,7,1,58.51,75.93,1,17.41,72,12.05,260.1
91,6,1,46.86,64.25,1,17.39,97,11.77,316.6
97,11,0,50.12,64.87,1,14.75,75,12.07,230.6
106,7,0,56.47,73.61,1,17.15,17,NA,NA
91,3,1,45.89,64.43,1,18.54,97,11.77,316.6
100,11,0,59.73,76.59,1,16.86,37,11.6,242.2
99,9,0,51.61,68.22,1,16.60,45,11.03,349.7
100,11,0,55.53,71.43,1,15.90,37,11.6,242.2
99,11,0,56.09,68.63,1,12.54,45,11.03,349.7
92,5,0,51.77,66.48,1,14.72,103,11.23,183.7
96,8,0,52.77,73.72,1,20.94,73,11.67,116.2
97,9,0,54.63,69.07,1,14.44,75,12.07,230.6
88,7,0,63.45,78.30,1,14.85,65,11.93,245.7
77,6,1,47.63,62.92,1,15.30,30,10.97,278
88,9,1,61.20,66.72,1,5.52,65,11.93,245.7
90,13,0,54.00,69.06,1,15.06,83,11.9,345.2
78,3,1,46.72,60.86,1,14.14,33,12.07,308.8
96,12,0,52.49,72.38,1,19.88,73,11.67,116.2
82,3,1,42.53,59.47,1,16.94,36,11.07,413
80,3,1,50.92,67.84,1,16.92,33,10.85,168.9
100,5,1,46.45,63.75,1,17.30,37,11.6,242.2
89,8,1,49.44,66.32,1,16.88,72,12.05,260.1
87,3,1,51.75,64.71,1,12.96,61,11.67,283.9
96,14,0,59.26,77.03,1,17.77,73,11.67,116.2
82,11,1,52.71,69.65,1,16.94,36,11.07,413
82,4,0,56.78,73.72,1,16.94,36,11.07,413
89,7,1,51.56,68.97,1,17.41,72,12.05,260.1
75,4,1,45.86,62.43,1,16.57,33,11.2,138.4
100,12,1,56.70,72.46,1,15.76,37,11.6,242.2
78,4,1,50.78,65.70,1,14.92,33,12.07,308.8
97,7,0,52.82,67.67,1,14.85,75,12.07,230.6
97,10,0,59.53,74.74,1,15.21,75,12.07,230.6
77,3,1,47.38,65.84,1,18.46,30,10.97,278
82,3,1,47.69,64.63,1,16.94,36,11.07,413
78,3,1,55.16,70.93,1,15.77,33,12.07,308.8
96,6,0,39.21,60.97,1,21.75,73,11.67,116.2
99,8,1,52.99,64.14,1,11.15,45,11.03,349.7
92,7,0,58.29,71.97,1,13.68,103,11.23,183.7
95,7,0,52.89,68.28,1,15.39,79,10.77,463.1
98,9,0,54.98,68.72,1,13.74,54,13.2,327.3
93,6,1,49.20,61.64,1,12.45,97,10.65,219.1
89,4,0,47.61,66.67,1,19.05,72,12.05,260.1
83,9,1,62.77,72.03,1,9.26,38,10.75,238.9
80,4,1,50.31,64.98,1,14.67,33,10.85,168.9
80,9,0,57.10,72.08,1,14.99,33,10.85,168.9
83,4,1,55.36,68.07,1,12.71,38,10.75,238.9
91,8,0,60.16,74.83,1,14.67,97,11.77,316.6
91,9,1,62.96,79.29,1,16.33,97,11.77,316.6
91,3,0,39.60,58.05,1,18.45,97,11.77,316.6
78,6,0,51.38,66.42,1,15.04,33,12.07,308.8
95,8,0,55.03,71.82,1,16.79,79,10.77,463.1
91,6,0,36.00,58.87,1,22.87,97,11.77,316.6
91,3,0,53.37,69.54,1,16.17,97,11.77,316.6
98,9,0,57.48,71.28,1,13.79,54,13.2,327.3
81,3,0,55.52,61.18,1,5.65,31,12.1,442.8
85,4,NA,61.27,76.59,1,15.31,51,11.07,322.9
91,7,1,56.44,72.68,1,16.24,97,11.77,316.6
98,7,1,60.84,75.11,1,14.26,54,13.2,327.3
108,5,1,44.83,68.04,1,23.21,22,NA,NA
80,4,1,47.70,65.46,1,17.76,33,10.85,168.9
92,8,0,65.22,76.75,1,11.54,103,11.23,183.7
87,5,1,61.64,74.60,1,12.96,61,11.67,283.9
79,4,1,51.67,65.59,1,13.92,34,12.27,145.1
98,10,0,52.87,69.34,1,16.46,54,13.2,327.3
96,7,0,49.22,71.45,1,22.23,73,11.67,116.2
85,3,1,59.05,65.59,1,6.54,51,11.07,322.9
91,10,1,58.57,75.57,1,17.00,97,11.77,316.6
96,5,0,51.55,68.77,1,17.22,73,11.67,116.2
91,6,0,49.40,65.54,1,16.14,97,11.77,316.6
92,5,0,56.82,69.29,1,12.47,103,11.23,183.7
79,3,1,51.96,67.65,1,15.69,34,12.27,145.1
91,5,1,50.48,70.19,1,19.71,97,11.77,316.6
81,2,1,41.04,56.21,1,15.17,31,12.1,442.8
91,6,0,50.09,66.12,1,16.03,97,11.77,316.6
81,3,1,49.65,62.77,1,13.12,31,12.1,442.8
91,13,1,50.82,66.43,1,15.60,97,11.77,316.6
96,7,0,53.72,74.55,1,20.83,73,11.67,116.2
82,4,1,47.38,64.32,1,16.94,36,11.07,413
96,10,0,52.52,73.03,1,20.51,73,11.67,116.2
105,8,0,52.85,68.93,1,16.08,19,10.8,419.2
81,5,0,40.52,55.29,1,14.77,31,12.1,442.8
98,11,0,61.63,75.34,1,13.71,54,13.2,327.3
91,5,1,51.92,67.99,1,16.07,97,11.77,316.6
91,10,0,52.68,67.33,1,14.65,97,11.77,316.6
80,2,1,44.11,61.09,1,16.98,33,10.85,168.9
98,10,0,59.44,72.43,1,12.99,54,13.2,327.3
91,6,0,53.07,70.74,1,17.67,97,11.77,316.6
90,7,1,54.89,69.96,1,15.06,83,11.9,345.2
100,12,0,55.14,72.26,1,17.13,37,11.6,242.2
94,12,0,64.62,78.14,1,13.52,90,11.67,264.7
85,4,NA,57.73,71.36,1,13.63,51,11.07,322.9
78,3,1,49.85,64.60,1,14.74,33,12.07,308.8
104,5,1,59.98,75.42,1,15.44,18,12.63,363.9
78,2,0,42.30,55.58,1,13.28,33,12.07,308.8
89,5,1,56.01,74.15,1,18.15,72,12.05,260.1
88,10,1,62.44,74.27,1,11.83,65,11.93,245.7
99,8,0,60.59,71.69,1,11.11,45,11.03,349.7
83,4,1,51.55,63.02,1,11.48,38,10.75,238.9
91,7,0,62.77,77.67,1,14.90,97,11.77,316.6
96,8,0,51.05,72.64,1,21.59,73,11.67,116.2
78,7,1,50.87,65.81,1,14.94,33,12.07,308.8
94,5,0,55.30,69.50,1,14.20,90,11.67,264.7
80,2,1,42.12,57.06,1,14.93,33,10.85,168.9
81,7,1,60.15,75.22,1,15.07,31,12.1,442.8
91,4,0,56.01,72.54,1,16.53,97,11.77,316.6
91,3,1,46.50,69.66,1,23.16,97,11.77,316.6
90,9,0,50.32,65.39,1,15.06,83,11.9,345.2
99,8,0,55.59,74.53,1,18.94,45,11.03,349.7
90,6,1,56.15,71.21,1,15.06,83,11.9,345.2
81,2,1,48.92,56.41,1,7.48,31,12.1,442.8
91,9,1,64.71,77.15,1,12.45,97,11.77,316.6
96,9,0,57.24,77.24,1,20.00,73,11.67,116.2
90,8,0,53.31,68.38,1,15.06,83,11.9,345.2
98,7,0,50.21,63.97,1,13.77,54,13.2,327.3
99,13,0,50.46,61.00,1,10.54,45,11.03,349.7
96,5,0,57.18,78.04,1,20.87,73,11.67,116.2
92,9,0,59.98,73.59,1,13.61,103,11.23,183.7
90,11,1,55.41,70.48,1,15.06,83,11.9,345.2
96,12,0,53.58,72.27,1,18.69,73,11.67,116.2
96,8,0,54.47,74.45,1,19.99,73,11.67,116.2
81,2,1,45.00,58.07,1,13.07,31,12.1,442.8
107,4,0,56.55,69.78,1,13.24,16,NA,NA
81,3,0,55.21,72.46,1,17.24,31,12.1,442.8
82,4,1,53.20,70.14,1,16.94,36,11.07,413
96,8,0,58.59,77.96,1,19.37,73,11.67,116.2
92,13,0,60.39,70.36,1,9.96,103,11.23,183.7
80,3,1,54.75,64.78,1,10.03,33,10.85,168.9
93,9,0,65.12,73.25,1,8.14,97,10.65,219.1
80,5,0,61.78,77.88,1,16.10,33,10.85,168.9
102,7,0,57.69,75.82,1,18.12,21,12.23,185.8
96,10,0,47.85,70.64,1,22.80,73,11.67,116.2
92,11,0,63.05,76.64,1,13.59,103,11.23,183.7
83,8,0,57.36,68.60,1,11.23,38,10.75,238.9
77,4,1,47.08,61.93,1,14.86,30,10.97,278
82,6,1,46.29,63.23,1,16.94,36,11.07,413
107,7,0,65.11,80.06,1,14.94,16,NA,NA
98,8,0,51.96,65.37,1,13.42,54,13.2,327.3
90,4,0,45.87,60.93,1,15.06,83,11.9,345.2
97,6,0,58.78,72.48,1,13.70,75,12.07,230.6
104,7,0,49.39,63.89,1,14.50,18,12.63,363.9
84,4,0,47.06,68.80,1,21.73,47,11.33,206.2
79,7,1,57.86,73.71,1,15.85,34,12.27,145.1
79,6,0,56.89,76.84,1,19.96,34,12.27,145.1
86,4,1,59.06,67.66,1,8.60,58,12.1,410.4
95,5,1,53.85,68.76,1,14.91,79,10.77,463.1
105,10,0,55.00,70.07,1,15.06,19,10.8,419.2
86,3,0,46.92,59.22,1,12.30,58,12.1,410.4
79,4,1,51.82,71.11,1,19.29,34,12.27,145.1
104,6,0,52.97,71.03,1,18.07,18,12.63,363.9
98,10,1,54.28,68.02,1,13.75,54,13.2,327.3
95,8,1,56.93,72.99,1,16.07,79,10.77,463.1
81,8,1,58.70,75.47,1,16.78,31,12.1,442.8
86,6,1,47.45,62.21,1,14.76,58,12.1,410.4
95,7,0,58.25,72.77,1,14.52,79,10.77,463.1
83,3,1,39.96,55.80,1,15.83,38,10.75,238.9
105,3,1,47.68,63.57,1,15.90,19,10.8,419.2
75,6,1,46.01,62.58,1,16.57,33,11.2,138.4
106,11,1,62.39,75.21,1,12.82,17,NA,NA
91,6,0,60.88,68.24,1,7.36,97,11.77,316.6
95,7,1,57.71,72.06,1,14.35,79,10.77,463.1
95,6,0,53.71,68.87,1,15.16,79,10.77,463.1
75,3,0,48.60,65.17,1,16.57,33,11.2,138.4
94,4,1,54.93,69.91,1,14.97,90,11.67,264.7
95,9,1,58.32,75.03,1,16.71,79,10.77,463.1
105,7,0,56.42,70.01,1,13.58,19,10.8,419.2
86,5,1,57.59,72.81,1,15.22,58,12.1,410.4
96,7,0,52.63,72.04,1,19.40,73,11.67,116.2
95,7,1,55.65,71.95,1,16.29,79,10.77,463.1
87,7,0,62.27,75.23,1,12.96,61,11.67,283.9
94,7,0,59.28,73.75,1,14.46,90,11.67,264.7
92,7,0,57.79,68.56,1,10.77,103,11.23,183.7
84,3,1,49.28,71.48,1,22.20,47,11.33,206.2
75,6,0,47.14,63.71,1,16.57,33,11.2,138.4
87,5,1,61.92,74.89,1,12.96,61,11.67,283.9
95,6,1,54.47,70.63,1,16.15,79,10.77,463.1
91,10,1,55.30,70.17,1,14.87,97,11.77,316.6
87,3,0,54.94,67.90,1,12.96,61,11.67,283.9
83,5,1,55.08,69.20,1,14.12,38,10.75,238.9
103,8,0,56.29,72.35,1,16.06,20,13.03,159.6
76,5,1,54.73,68.45,1,13.72,30,11.33,239.7
95,5,0,49.35,61.22,1,11.87,79,10.77,463.1
80,5,1,68.73,83.37,1,14.64,33,10.85,168.9
88,5,1,64.25,71.91,1,7.66,65,11.93,245.7
87,3,1,54.32,67.28,1,12.96,61,11.67,283.9
105,6,0,61.76,76.82,1,15.06,19,10.8,419.2
86,7,1,61.11,70.16,1,9.06,58,12.1,410.4
89,5,0,45.42,64.31,1,18.90,72,12.05,260.1
83,6,1,52.85,69.38,1,16.53,38,10.75,238.9
95,9,1,56.63,68.67,1,12.04,79,10.77,463.1
103,4,0,49.50,66.53,1,17.03,20,13.03,159.6
86,11,1,75.42,88.09,1,12.66,58,12.1,410.4
86,8,1,52.26,68.61,1,16.35,58,12.1,410.4
88,8,1,54.18,64.53,1,10.35,65,11.93,245.7
99,4,0,53.63,66.83,1,13.21,45,11.03,349.7
107,6,1,65.21,80.18,1,14.97,16,NA,NA
85,4,1,54.57,69.86,1,15.29,51,11.07,322.9
84,5,0,48.25,70.33,1,22.07,47,11.33,206.2
84,6,0,46.16,67.96,1,21.80,47,11.33,206.2
95,14,0,60.79,74.45,1,13.66,79,10.77,463.1
85,7,1,55.73,72.37,1,16.64,51,11.07,322.9
85,5,1,55.88,74.72,1,18.84,51,11.07,322.9
108,5,1,41.94,79.10,1,37.15,22,NA,NA
83,3,1,44.78,59.93,1,15.14,38,10.75,238.9
89,3,0,38.78,54.46,1,15.68,72,12.05,260.1
85,12,NA,58.79,73.93,1,15.13,51,11.07,322.9
107,8,1,62.28,76.66,1,14.38,16,NA,NA
87,5,0,55.98,68.94,1,12.96,61,11.67,283.9
84,6,0,54.29,77.52,1,23.23,47,11.33,206.2
80,2,1,50.16,65.54,1,15.38,33,10.85,168.9
85,3,1,49.27,64.50,1,15.24,51,11.07,322.9
90,4,0,52.50,67.57,1,15.06,83,11.9,345.2
91,9,1,57.48,76.50,1,19.02,97,11.77,316.6
108,6,1,48.34,71.63,1,23.29,22,NA,NA
108,13,1,55.97,83.18,1,27.21,22,NA,NA
80,2,1,46.70,65.73,1,19.03,33,10.85,168.9
100,12,0,49.72,72.95,1,23.23,37,11.6,242.2
108,9,0,61.29,82.50,1,21.22,22,NA,NA
94,9,0,59.22,73.65,1,14.44,90,11.67,264.7
104,7,0,50.08,67.98,1,17.90,18,12.63,363.9
83,5,1,60.66,75.22,1,14.56,38,10.75,238.9
85,3,1,59.21,70.42,1,11.21,51,11.07,322.9
93,15,0,58.52,70.46,1,11.94,97,10.65,219.1
95,5,1,54.30,70.91,1,16.61,79,10.77,463.1
79,4,1,58.37,78.13,1,19.76,34,12.27,145.1
106,4,1,50.44,64.89,1,14.45,17,NA,NA
106,6,1,68.97,77.73,1,8.76,17,NA,NA
106,8,0,57.02,69.74,1,12.72,17,NA,NA
95,4,1,49.47,64.54,1,15.08,79,10.77,463.1
96,7,0,52.30,69.66,1,17.36,73,11.67,116.2
94,6,0,55.99,70.74,1,14.74,90,11.67,264.7
85,6,NA,61.84,75.65,1,13.81,51,11.07,322.9
85,5,NA,50.60,66.01,1,15.41,51,11.07,322.9
85,4,1,52.96,60.66,1,7.71,51,11.07,322.9
87,6,1,64.63,77.59,1,12.96,61,11.67,283.9
91,13,0,52.93,69.80,1,16.87,97,11.77,316.6
85,5,1,53.84,69.38,1,15.54,51,11.07,322.9
81,3,1,53.00,70.17,1,17.17,31,12.1,442.8
85,3,1,53.35,66.72,1,13.37,51,11.07,322.9
107,12,1,59.34,73.14,1,13.79,16,NA,NA
85,3,1,50.54,62.65,1,12.11,51,11.07,322.9
83,8,1,70.77,82.85,1,12.08,38,10.75,238.9
85,7,1,61.44,76.48,1,15.04,51,11.07,322.9
107,12,1,55.07,68.02,1,12.94,16,NA,NA
95,13,0,62.26,77.96,1,15.70,79,10.77,463.1
91,11,0,56.18,70.78,1,14.60,97,11.77,316.6
93,4,0,49.62,60.85,1,11.24,97,10.65,219.1
76,12,1,56.32,70.06,1,13.74,30,11.33,239.7
88,8,1,66.07,73.77,1,7.70,65,11.93,245.7
88,4,1,54.91,66.93,1,12.02,65,11.93,245.7
89,7,1,58.09,73.38,1,15.29,72,12.05,260.1
88,10,1,60.98,71.14,1,10.16,65,11.93,245.7
86,11,1,57.53,71.34,1,13.81,58,12.1,410.4
100,5,1,52.84,69.17,1,16.33,37,11.6,242.2
78,5,1,43.98,57.59,1,13.61,33,12.07,308.8
86,6,1,55.25,69.34,1,14.08,58,12.1,410.4
101,6,0,55.71,69.65,1,13.94,32,12.17,165.7
82,5,1,55.29,72.22,1,16.94,36,11.07,413
91,3,0,40.92,56.54,1,15.62,97,11.77,316.6
98,14,0,63.82,76.43,1,12.61,54,13.2,327.3
108,5,1,51.36,78.92,1,27.56,22,NA,NA
102,11,1,47.48,65.57,1,18.09,21,12.23,185.8
95,7,1,52.63,69.21,1,16.59,79,10.77,463.1
87,5,1,58.14,71.10,1,12.96,61,11.67,283.9
95,6,0,60.92,77.58,1,16.66,79,10.77,463.1
87,12,1,75.40,88.36,1,12.96,61,11.67,283.9
89,7,1,55.08,72.55,1,17.48,72,12.05,260.1
87,8,1,58.66,71.62,1,12.96,61,11.67,283.9
104,9,1,58.53,76.60,1,18.08,18,12.63,363.9
102,14,0,49.66,67.43,1,17.76,21,12.23,185.8
106,9,1,54.55,71.86,1,17.32,17,NA,NA
96,14,1,54.29,76.48,1,22.19,73,11.67,116.2
75,7,0,58.91,75.48,1,16.57,33,11.2,138.4
88,2,0,44.75,54.05,1,9.31,65,11.93,245.7
83,4,1,51.40,62.04,1,10.64,38,10.75,238.9
88,3,1,51.18,63.58,1,12.40,65,11.93,245.7
88,5,1,59.94,71.68,1,11.74,65,11.93,245.7
101,10,0,55.83,70.72,1,14.89,32,12.17,165.7
87,5,1,64.73,77.69,1,12.96,61,11.67,283.9
78,2,1,42.60,55.94,1,13.34,33,12.07,308.8
82,3,1,43.33,60.27,1,16.94,36,11.07,413
101,7,0,44.62,59.22,1,14.61,32,12.17,165.7
88,3,1,45.24,56.50,1,11.26,65,11.93,245.7
88,7,1,65.25,73.42,1,8.17,65,11.93,245.7
91,12,0,58.27,72.99,1,14.72,97,11.77,316.6
88,4,1,61.76,66.36,1,4.59,65,11.93,245.7
95,10,1,60.25,68.47,1,8.22,79,10.77,463.1
95,4,1,44.53,58.03,1,13.50,79,10.77,463.1
88,4,1,58.39,68.18,1,9.79,65,11.93,245.7
88,4,1,59.28,69.00,1,9.72,65,11.93,245.7
101,10,0,51.83,64.92,1,13.08,32,12.17,165.7
78,3,1,52.41,67.65,1,15.24,33,12.07,308.8
88,10,1,59.57,69.89,1,10.32,65,11.93,245.7
88,2,1,45.72,54.57,1,8.85,65,11.93,245.7
101,12,0,61.56,74.76,1,13.20,32,12.17,165.7
77,4,0,44.94,76.27,1,31.33,30,10.97,278
79,3,1,46.61,59.39,1,12.78,34,12.27,145.1
87,4,1,62.24,75.20,1,12.96,61,11.67,283.9
93,7,1,60.72,72.23,1,11.51,97,10.65,219.1
79,3,1,50.35,64.31,1,13.96,34,12.27,145.1
93,8,0,57.40,69.73,1,12.34,97,10.65,219.1
101,5,0,56.81,70.76,1,13.95,32,12.17,165.7
103,14,1,53.26,69.75,1,16.49,20,13.03,159.6
87,5,1,54.40,67.36,1,12.96,61,11.67,283.9
79,3,1,45.55,59.74,1,14.19,34,12.27,145.1
87,9,1,65.74,78.70,1,12.96,61,11.67,283.9
102,3,0,38.90,56.54,1,17.63,21,12.23,185.8
92,6,0,64.62,77.75,1,13.13,103,11.23,183.7
93,5,0,51.87,63.41,1,11.54,97,10.65,219.1
85,7,1,63.39,78.97,1,15.58,51,11.07,322.9
88,9,1,62.51,74.43,1,11.92,65,11.93,245.7
94,9,1,59.16,73.01,1,13.85,90,11.67,264.7
